Workbook

Sheet Question
B1: DATA GOVERNANCE ASSESMENT
B2: Contact me: ajeng.vtri@gmail.com
B3: No | C3: Bahasa Indonesia | D3: English | E3: choose Answer 1-5 | F3: Score
B4: 1 | C4: Apakah ada kebijakan tertulis terkait pengelolaan data? | D4: Is there a documented data governance policy? | E4: 1-Tidak ada sama sekali // Not in place | F4: =VLOOKUP(Table1[[#This Row],[choose Answer 1-5]],LOV!$D$1:$E$5,2,FALSE) -> 1
B5: 2 | C5: Apakah definisi data penting (customer, revenue, dll) sudah didokumentasikan? | D5: Are key data definitions (customer, revenue, etc.) documented? | E5: 1-Tidak ada sama sekali // Not in place | F5: =VLOOKUP(Table1[[#This Row],[choose Answer 1-5]],LOV!$D$1:$E$5,2,FALSE) -> 1
B6: 3 | C6: Apakah ada standar penamaan tabel/kolom? | D6: Are there naming standards for tables/columns? | E6: 1-Tidak ada sama sekali // Not in place | F6: =VLOOKUP(Table1[[#This Row],[choose Answer 1-5]],LOV!$D$1:$E$5,2,FALSE) -> 1
B7: 4 | C7: Apakah ada aturan terkait kualitas data? | D7: Are there rules related to data quality? | E7: 1-Tidak ada sama sekali // Not in place | F7: =VLOOKUP(Table1[[#This Row],[choose Answer 1-5]],LOV!$D$1:$E$5,2,FALSE) -> 1
B8: 5 | C8: Apakah ada SOP untuk input dan update data? | D8: Are there SOPs for data input and updates? | E8: 1-Tidak ada sama sekali // Not in place | F8: =VLOOKUP(Table1[[#This Row],[choose Answer 1-5]],LOV!$D$1:$E$5,2,FALSE) -> 1
B9: 6 | C9: Apakah kebijakan data pernah disosialisasikan ke tim? | D9: Has the data policy been communicated to the team? | E9: 1-Tidak ada sama sekali // Not in place | F9: =VLOOKUP(Table1[[#This Row],[choose Answer 1-5]],LOV!$D$1:$E$5,2,FALSE) -> 1
B10: 7 | C10: Apakah ada standar format data (tanggal, nomor, dll)? | D10: Are there standard data formats (date, number, etc.)? | E10: 1-Tidak ada sama sekali // Not in place | F10: =VLOOKUP(Table1[[#This Row],[choose Answer 1-5]],LOV!$D$1:$E$5,2,FALSE) -> 1
B11: 8 | C11: Apakah ada aturan retensi data (berapa lama disimpan)? | D11: Is there a data retention policy (how long data is stored)? | E11: 1-Tidak ada sama sekali // Not in place | F11: =VLOOKUP(Table1[[#This Row],[choose Answer 1-5]],LOV!$D$1:$E$5,2,FALSE) -> 1
B12: 9 | C12: Apakah ada dokumentasi perubahan data (data change log)? | D12: Is there documentation of data changes (data change log)? | E12: 1-Tidak ada sama sekali // Not in place | F12: =VLOOKUP(Table1[[#This Row],[choose Answer 1-5]],LOV!$D$1:$E$5,2,FALSE) -> 1
B13: 10 | C13: Apakah kebijakan data ditinjau secara berkala? | D13: Is the data policy reviewed periodically? | E13: 1-Tidak ada sama sekali // Not in place | F13: =VLOOKUP(Table1[[#This Row],[choose Answer 1-5]],LOV!$D$1:$E$5,2,FALSE) -> 1
B14: 11 | C14: Apakah ada data owner untuk setiap jenis data? | D14: Is there a data owner for each type of data? | E14: 1-Tidak ada sama sekali // Not in place | F14: =VLOOKUP(Table1[[#This Row],[choose Answer 1-5]],LOV!$D$1:$E$5,2,FALSE) -> 1
B15: 12 | C15: Apakah ada pihak yang bertanggung jawab atas kualitas data? | D15: Is there someone responsible for data quality? | E15: 2-Ada, tapi belum jelas / tidak terdokumentasi // Exists but not clearly defined / not documented | F15: =VLOOKUP(Table1[[#This Row],[choose Answer 1-5]],LOV!$D$1:$E$5,2,FALSE) -> 2
... B53: 50 | C53: Apakah data yang tidak terpakai dihapus secara rutin? | D53: Is unused data regularly deleted? | E53: 5-Sudah optimal dan terkontrol // Fully optimized and controlled | F53: =VLOOKUP(Table1[[#This Row],[choose Answer 1-5]],LOV!$D$1:$E$5,2,FALSE) -> 5

Sheet LOV
A1: 1 | B1: Tidak ada sama sekali | C1: Not in place | D1: =A1&"-"&B1&" // "&C1 -> 1-Tidak ada sama sekali // Not in place | E1: 1
A2: 2 | B2: Ada, tapi belum jelas / tidak terdokumentasi | C2: Exists but not clearly defined / not documented | D2: =A2&"-"&B2&" // "&C2 -> 2-Ada, tapi belum jelas / tidak terdokumentasi // Exists but not clearly defined / not documented | E2: 2
A3: 3 | B3: Sudah ada, tapi belum konsisten | C3: Defined but not consistently applied | D3: =A3&"-"&B3&" // "&C3 -> 3-Sudah ada, tapi belum konsisten // Defined but not consistently applied | E3: 3
A4: 4 | B4: Sudah berjalan dengan baik | C4: Well implemented | D4: =A4&"-"&B4&" // "&C4 -> 4-Sudah berjalan dengan baik // Well implemented | E4: 4
A5: 5 | B5: Sudah optimal dan terkontrol | C5: Fully optimized and controlled | D5: =A5&"-"&B5&" // "&C5 -> 5-Sudah optimal dan terkontrol // Fully optimized and controlled | E5: 5

Sheet Input
A1: Data Governance Assessment
A3: Area | B3: Score (1-5)
A4: Policy | B4: =AVERAGE(Question!F4:F13) -> 1
A5: Roles & Responsibility | B5: =AVERAGE(Question!F15:F23) -> 2
A6: Data Quality | B6: =AVERAGE(Question!F24:F33) -> 3
A7: Security | B7: =AVERAGE(Question!F34:F43) -> 4
A8: Data Lifecycle | B8: =AVERAGE(Question!F44:F53) -> 5

Sheet Summary
A1: Summary
A3: Total Score | B3: =SUM(Input!B4:B8) -> 15
A4: Average Score | B4: =AVERAGE(Input!B4:B8) -> 3
A6: Maturity Level | B6: =IF(B3<=10,"Low",IF(B3<=18,"Medium","High")) -> Medium
E16: =IF(B4<2.5, "Perlu perbaikan serius. Area ini berisiko menyebabkan masalah data.", IF(B4<3.5, "Sudah berjalan namun belum konsisten.", "Sudah baik dan terkontrol." )) -> Sudah berjalan namun belum konsisten.
E17: =IF(AVERAGE(Input!B4:B8)<2.5, "Secara keseluruhan, tata kelola data masih lemah dan berpotensi menimbulkan inkonsistensi serta risiko operasional.", IF(AVERAGE(B4:B8)<3.5, "Tata kelola data sudah berjalan namun belum merata. Diperlukan peningkatan di beberapa area kunci.", "Tata kelola data sudah cukup matang dengan kontrol yang baik dan konsisten." )) -> Tata kelola data sudah berjalan namun belum merata. Diperlukan peningkatan di beberapa area kunci.
E19: =IF(B4<2.5, "This area needs serious improvement and may cause data issues.", IF(B4<3.5, "This area exists but is not yet consistent.", "This area is working well and under control." )) -> This area exists but is not yet consistent.
E20: =IF(AVERAGE(Input!B4:B8)<2.5, "Overall, data governance is underdeveloped and presents a high risk of inconsistencies and operational issues.", IF(AVERAGE(B4:B8)<3.5, "Data governance has been established but is not yet consistently implemented. Further improvement is required in key areas.", "Data governance is well-established, with strong and consistently applied controls." )) -> Data governance has been established but is not yet consistently implemented. Further improvement is required in key areas.
